step,object,x,y,zoom,page,question,answer,alt_text,layer1_button,layer1_content,layer2_button,layer2_content,clip_start,clip_end,loop
paso,objeto,x,y,zoom,pagina,pregunta,respuesta,texto_alt,boton1,contenido1,boton2,contenido2,inicio_clip,fin_clip,bucle
1,img6103,0.5,0.5,1,,Observation,"I noticed students sitting together at an outdoor table on campus. There were food containers, drinks, laptops, and personal items spread across the table. One student appeared to be smiling while reaching across the table, and the others seemed engaged in the moment. The sunlight, open patio space, and relaxed body language made the scene feel different from a classroom or library. Instead of focusing only on academic work, the students seemed to be sharing time, food, and conversation.

[GREEN] This scene appears to show love as a relaxed form of companionship in a public campus space. [/GREEN] The table becomes more than a physical object. It becomes a small social center where students can pause, talk, eat, and feel included.",,,,,,,,
2,img6103,0.5,0.5,1,,Interpretation,"[GREEN] This moment suggests that friendship-based love can appear through casual presence and shared routines. [/GREEN] The students were not simply eating near each other; they were creating a shared emotional space. On a busy campus, choosing to sit together, talk, laugh, and pause from academic pressure becomes a small but important act of care.

[YELLOW] Compared with the library scene, this story shows love in a more open and social form. [/YELLOW] The library image emphasizes quiet devotion, while this outdoor image emphasizes warmth, movement, and conversation. Both scenes, however, show that love at UCSB often appears through shared time. This type of love is ordinary, but it matters because it helps students feel seen and included.",,,,,,,,
3,img6103,0.5764384581588405,-0.00612573406978164,0.8999999999999994,,Connection to Readings,"This scene connects to Mandy Len Catron’s idea that closeness is built through vulnerability, conversation, and attention. Catron suggests that meaningful relationships do not appear automatically; they are created when people choose to share time and parts of themselves with others. In this observation, the table becomes a space of intimacy, connection, and reciprocity.

[GREEN] The students’ relaxed conversation may reflect trust, emotional ease, and a sense of safety within the group. [/GREEN] Their interaction confirms Catron’s idea that love can grow through ordinary exchanges. [YELLOW] However, this moment also extends the reading because it shows that love does not always require deep confession; sometimes it begins with simply making time for another person. [/YELLOW]",,,,,,,,
4,img6103,0.5,0.5,1,,Visual Annotations,"Annotation 1: The outdoor table creates a shared social space where students can pause from academic pressure and spend time together.
Annotation 2: The food containers, drinks, laptops, and personal items show how campus life mixes study, rest, and friendship in one place.
Annotation 3: The students’ relaxed posture and casual interaction suggest comfort, emotional ease, and a sense of belonging in a public campus environment.",,,,,,,,